address
1800 25th St, San Francisco, CA, 94107
302 Silver Ave, San Francisco, CA, 94112
425 7th St, San Francisco, CA, 94103
2001 Chestnut St, San Francisco, CA, 94123
952 Sutter St, San Francisco, CA, 94109
105 Palm Ave, San Francisco, CA, 94118
1111 California St, San Francisco, CA, 94108
1501 Larkin St, San Francisco, CA, 94109
4508 Balboa St, San Francisco, CA, 94121
101 Turk St, San Francisco, CA, 94102
401 Eddy St, San Francisco, CA, 94102
3385 Mission St, San Francisco, CA, 94110
188 Ramsell St, San Francisco, CA, 94132
1201 Market St, San Francisco, CA, 94103
562  23rd Ave, San Francisco, CA, 94121
229 Benton Ave, San Francisco, CA, 94112
1101 Polk St, San Francisco, CA, 94109
1000 Great Hwy, San Francisco, CA, 94122
1430 Yosemite Ave, San Francisco, CA, 94124
4825 Mission St, San Francisco, CA, 94112
1 Samoset St, San Francisco, CA, 94110
1109 Wisconsin St, San Francisco, CA, 94107
525 Market St, San Francisco, CA, 94105
376 Castro St, San Francisco, CA, 94114
4408 3rd St, San Francisco, CA, 94124
2 Francisco St, San Francisco, CA, 94133
1099 S Van Ness Ave, San Francisco, CA, 94110
351 California St, San Francisco, CA, 94104
790 Market St, San Francisco, CA, 94108
333 8th St, San Francisco, CA, 94103
410 Jessie St, San Francisco, CA, 94103
1100 Fillmore St, San Francisco, CA, 94115
1700 Montgomery St, San Francisco, CA, 94111
230 Drumm St, San Francisco, CA, 94111
101 Market St, San Francisco, CA, 94105
350 8th St, San Francisco, CA, 94103
301 Clement St, San Francisco, CA, 94118
844 Persia Ave, San Francisco, CA, 94112
5 Embarcadero Ctr, San Francisco, CA, 94111
800 Potrero Ave, San Francisco, CA, 94110
1 Jefferson St, San Francisco, CA, 94133
3084  24th St, San Francisco, CA, 94110
425 California St, San Francisco, CA, 94104
432 Powell St, San Francisco, CA, 94108
745 Vienna St, San Francisco, CA, 94112
870 Market St, San Francisco, CA, 94102
624 Vallejo St, San Francisco, CA, 94133
2 Sacramento St, San Francisco, CA, 94111
333 Post St, San Francisco, CA, 94108
345 Stockton St, San Francisco, CA, 94108
55 Natoma St, San Francisco, CA, 94105
61 Moss St, San Francisco, CA, 94103
1524 Silver Ave, San Francisco, CA, 94134
765 Market St, San Francisco, CA, 94103
580 California St, San Francisco, CA, 94104
1100 Market St, San Francisco, CA, 94102
2961 Webster St, San Francisco, CA, 94123
1400 Turk St, San Francisco, CA, 94115
6280 3rd St, San Francisco, CA, 94124
150 4th St, San Francisco, CA, 94103
4702 3rd St, San Francisco, CA, 94124
480 Sutter St, San Francisco, CA, 94108
2490 Great Hwy, San Francisco, CA, 94116
50 1st St, San Francisco, CA, 94105
320  32nd Ave, San Francisco, CA, 94121
639 Bryant St, San Francisco, CA, 94107
2207 Quesada Ave, San Francisco, CA, 94124
711 Pacific Ave, San Francisco, CA, 94133
102 King St, San Francisco, CA, 94107
4627 Mission St, San Francisco, CA, 94112
601 Ofarrell St, San Francisco, CA, 94109
1601 Bush St, San Francisco, CA, 94109
3201 Divisadero St, San Francisco, CA, 94123
3798 Mission St, San Francisco, CA, 94110
2300  16th St, San Francisco, CA, 94103
439 Jones St, San Francisco, CA, 94102
475  25th Ave, San Francisco, CA, 94121
74 Manchester St, San Francisco, CA, 94110
671 Minna St, San Francisco, CA, 94103
50 8th St, San Francisco, CA, 94103
3711  19th Ave, San Francisco, CA, 94132
1114 Sutter St, San Francisco, CA, 94109
241 6th St, San Francisco, CA, 94103
1297 Palou Ave, San Francisco, CA, 94124
1801  23rd St, San Francisco, CA, 94107
1201 Fitzgerald Ave, San Francisco, CA, 94124
3725 Buchanan St, San Francisco, CA, 94123
3445  17th St, San Francisco, CA, 94110
450 Ofarrell St, San Francisco, CA, 94102
700 Great Hwy, San Francisco, CA, 94121
11 Marina Blvd, San Francisco, CA, 94123
201 Mission St, San Francisco, CA, 94105
2350  36th Ave, San Francisco, CA, 94116
970 Indiana St, San Francisco, CA, 94107
1922  19th Ave, San Francisco, CA, 94116
523 Naples St, San Francisco, CA, 94112
1300 Donner Ave, San Francisco, CA, 94124
35 Lillian Ct, San Francisco, CA, 94124
570 Jessie St, San Francisco, CA, 94103
300 Columbus Ave, San Francisco, CA, 94133
